number,value,datetime_start,datetime_complete,duration,params_cat_smooth,params_colsample_bytree,params_feature_fraction_bynode,params_learning_rate,params_max_depth,params_min_child_samples,params_min_data_per_group,params_min_gain_to_split,params_n_estimators,params_num_leaves,params_reg_alpha,params_reg_lambda,params_subsample,params_subsample_freq,state
0,0.869839970988051,2026-07-09 17:26:17.070353,2026-07-09 17:26:18.279689,0 days 00:00:01.209336,2.65875439832727,0.9063233020424546,0.8005575058716043,0.045504758132021865,15,75,84,0.9699098521619943,480,106,0.090470719575684,1.3934502251337597e-06,0.5779972601681014,1,COMPLETE
1,0.8657804056578762,2026-07-09 17:26:18.297956,2026-07-09 17:26:19.818161,0 days 00:00:01.520205,10.677482709481351,0.3976457024564293,0.6460723242676091,0.034646653174710614,5,34,24,0.7851759613930136,977,59,0.0003668874895499185,0.0015577217702693043,0.645614570099021,7,COMPLETE
2,0.8720456324282895,2026-07-09 17:26:19.833920,2026-07-09 17:26:21.473225,0 days 00:00:01.639305,9.780337016659407,0.8658781436815228,0.6523068845866853,0.009379072229909205,3,63,16,0.4401524937396013,317,158,4.827305651975704e-06,0.06160715952774549,0.9744427686266666,10,COMPLETE
3,0.868057004107138,2026-07-09 17:26:21.487240,2026-07-09 17:26:22.590279,0 days 00:00:01.103039,69.78281265126033,0.42939811886786894,0.9847923138822793,0.05759309920639886,14,29,62,0.8948273504276488,761,24,0.2666427400467688,3.7713131110779936,0.7600340105889054,6,COMPLETE
4,0.8623250792385238,2026-07-09 17:26:22.602291,2026-07-09 17:26:25.533131,0 days 00:00:02.930840,94.13993046829943,0.5497273286855124,0.6404672548436904,0.016602317356139516,5,9,12,0.8021969807540397,900,37,0.006293215187893869,9.693253593230328e-06,0.6356745158869479,9,COMPLETE
5,0.8647458110489927,2026-07-09 17:26:25.551151,2026-07-09 17:26:26.566120,0 days 00:00:01.014969,1.3400367243354798,0.35183125621386324,0.6792328642721364,0.10124839170683374,5,5,36,0.6232981268275579,1473,202,6.472669269538641e-06,1.100839441018132,0.8645035840204937,8,COMPLETE
6,0.868907132857075,2026-07-09 17:26:26.578138,2026-07-09 17:26:27.744510,0 days 00:00:01.166372,7.16278699989734,0.7992713510560965,0.8803925243084487,0.05252611998161658,7,75,55,0.49379559636439074,1797,90,0.008490639132761166,0.24932754437140162,0.7361074625809747,2,COMPLETE
7,0.8621148210421292,2026-07-09 17:26:27.756531,2026-07-09 17:26:28.900827,0 days 00:00:01.144296,2.101079931010355,0.4745045604042124,0.7051914615178149,0.0523043322856166,4,8,32,0.07697990982879299,766,22,0.1944723981660072,3.9956474180158566e-05,0.7542853455823514,10,COMPLETE
8,0.8769088887990522,2026-07-09 17:26:28.916844,2026-07-09 17:26:29.968708,0 days 00:00:01.051864,7.148510793512984,0.6775395693409555,0.9037200775820313,0.12448073670189387,13,65,26,0.11005192452767676,1647,240,1.8734370269952594,0.00016827683101643877,0.5932850294430179,9,COMPLETE
9,0.8685248490506776,2026-07-09 17:26:29.984725,2026-07-09 17:26:33.758130,0 days 00:00:03.773405,87.81408196485977,0.5363306199825395,0.9714548519562596,0.03290166101110344,14,5,39,0.7030189588951778,951,213,0.000182987120938709,0.00428089279626104,0.6110539052353652,2,COMPLETE
10,0.8633964103092909,2026-07-09 17:26:33.774147,2026-07-09 17:26:38.106828,0 days 00:00:04.332681,1.3183294725245986,0.4355163455617711,0.6570385053230666,0.010236357092401947,5,44,14,0.00463732146890386,1051,50,0.20380892985704382,0.0002791346357086393,0.8430060557047176,9,COMPLETE
11,0.8686532173911059,2026-07-09 17:26:38.118841,2026-07-09 17:26:38.876228,0 days 00:00:00.757387,86.36493571977627,0.5856629953855989,0.5365948885132947,0.053723790787855004,3,18,18,0.6520223065561528,765,43,0.0009708529785683348,3.3320572150845984e-06,0.5699836441119652,8,COMPLETE
12,0.8659080773511569,2026-07-09 17:26:38.890325,2026-07-09 17:26:40.298044,0 days 00:00:01.407719,9.725626720225742,0.5425864399036167,0.7172107468629664,0.06423639848457997,5,13,23,0.10721115404494415,1088,22,1.8092446299528038,0.00023093038079222575,0.7080286762979591,10,COMPLETE
13,0.8740309712907036,2026-07-09 17:26:40.310057,2026-07-09 17:26:41.984375,0 days 00:00:01.674318,48.079730505401535,0.5635230150905006,0.5531207047115587,0.06965849747438015,14,6,23,0.8349061026417692,1412,65,0.05514964977272309,4.765511982267609e-05,0.5638994498327325,10,COMPLETE
14,0.863946839351392,2026-07-09 17:26:41.996388,2026-07-09 17:26:47.167933,0 days 00:00:05.171545,71.92303626656636,0.36378211804828076,0.807705908456451,0.0074577892834945606,5,33,17,0.5088265912197252,946,118,0.02489079999559208,2.4341921530295977e-05,0.6539464702211543,10,COMPLETE
15,0.8627093744503742,2026-07-09 17:26:47.183952,2026-07-09 17:26:49.806020,0 days 00:00:02.622068,1.3458757008134805,0.6527023751190888,0.7279993985793937,0.0381668613822564,7,11,52,0.21503957550884234,537,97,0.0008607030086359911,4.571292686393928e-06,0.822544821697633,8,COMPLETE
16,0.8667216881920451,2026-07-09 17:26:49.822708,2026-07-09 17:26:50.587587,0 days 00:00:00.764879,1.3127492849817024,0.4977286260750682,0.5800780776111791,0.06711522766998439,3,32,45,0.31726089281254183,436,19,0.12132300605919477,8.001092046305545e-06,0.7158264253011339,9,COMPLETE
17,0.8652771060926099,2026-07-09 17:26:50.599654,2026-07-09 17:26:55.714944,0 days 00:00:05.115290,63.92235339410052,0.6173693085878724,0.5283803047889701,0.008830950175872663,9,41,40,0.726240263457439,765,32,0.6978143512766943,0.001397264709777553,0.6190240567130232,8,COMPLETE
18,0.8626489983727863,2026-07-09 17:26:55.724958,2026-07-09 17:27:03.176053,0 days 00:00:07.451095,23.89904140141536,0.8394428451457578,0.6157673341437656,0.006208320078934556,6,14,7,0.5532921535485313,1182,106,0.003287406992128845,0.0008592732130346729,0.5720825041071287,7,COMPLETE
19,0.8640857576530221,2026-07-09 17:27:03.190077,2026-07-09 17:27:06.635085,0 days 00:00:03.445008,72.94800456007272,0.4924263260022473,0.6656705769180171,0.01581220242124192,8,26,6,0.8411854603515552,1258,36,0.0002635365113701709,1.324310216586947e-05,0.705666896925044,6,COMPLETE
20,0.8614802855426218,2026-07-09 17:27:06.669836,2026-07-09 17:27:08.819942,0 days 00:00:02.150106,12.700188726943972,0.5130981262481552,0.7662599301947891,0.029309531401574055,5,11,30,0.10226458638885016,1242,71,0.0025774985492500817,5.5927829828923006e-05,0.9825899765854234,7,COMPLETE
21,0.8665312594318892,2026-07-09 17:27:08.835960,2026-07-09 17:27:09.871140,0 days 00:00:01.035180,27.204518665077778,0.6496894747572015,0.6830467812988912,0.035580244227749684,3,21,39,0.03683212973815016,1450,78,0.0011235174547213323,5.6434680795955155e-05,0.9717904045275827,9,COMPLETE
22,0.8620950095603037,2026-07-09 17:27:09.885156,2026-07-09 17:27:12.066999,0 days 00:00:02.181843,26.7210109514839,0.42011255119601887,0.9192632618239047,0.02158991842165345,4,9,22,0.19997518013667642,740,131,0.001101643901381888,2.6685297687892948e-05,0.8408198249416621,5,COMPLETE
23,0.8587120657315331,2026-07-09 17:27:12.077011,2026-07-09 17:27:19.326940,0 days 00:00:07.249929,10.83251896740442,0.33149908671987444,0.8697991220334078,0.012028904334683144,7,6,10,0.12388740329183132,1646,77,0.00015480618140025463,0.0003002446899129548,0.9680205352909659,6,COMPLETE
24,0.8628429979110767,2026-07-09 17:27:19.342959,2026-07-09 17:27:22.181596,0 days 00:00:02.838637,7.3507290502340155,0.3110938574179699,0.8874285217210175,0.03797155161689799,7,14,11,0.0032535238139719813,1872,139,8.418888070130022e-05,8.120609447186735e-05,0.9017335046475309,5,COMPLETE
25,0.863442834224301,2026-07-09 17:27:22.195615,2026-07-09 17:27:23.947502,0 days 00:00:01.751887,79.19179032103648,0.5888866623573316,0.9430811678091534,0.03818449958852343,5,13,25,0.31832371258159775,317,147,9.438532519253929e-05,2.786039717076815e-06,0.7980812482637863,4,COMPLETE
26,0.8601588912485898,2026-07-09 17:27:23.961520,2026-07-09 17:27:28.634722,0 days 00:00:04.673202,6.690910302012927,0.33622277212628504,0.8142333118139606,0.016692788522612505,11,7,49,0.45983486122155715,1541,40,0.00040520496672325846,4.061115513016897e-05,0.9538410856538699,9,COMPLETE
27,0.8616115005211027,2026-07-09 17:27:28.646801,2026-07-09 17:27:35.736339,0 days 00:00:07.089538,8.192789696007475,0.41212586848641325,0.7312628569305437,0.009718221672560604,8,14,70,0.5365028459494925,1619,46,8.678376797661114e-06,7.453170105684511e-06,0.8169413790009261,10,COMPLETE
28,0.8597414120407973,2026-07-09 17:27:35.748353,2026-07-09 17:27:45.002248,0 days 00:00:09.253895,21.903962454328305,0.35208661101913635,0.9792102876456248,0.006354332212458649,7,8,17,0.20316870073102947,1407,33,0.0003061196430472248,6.322262291797519e-05,0.9238889433024383,9,COMPLETE
29,0.858162691939049,2026-07-09 17:27:45.014264,2026-07-09 17:27:58.900193,0 days 00:00:13.885929,38.43821285537343,0.36060754887929974,0.9555592652868576,0.008493017786018013,9,6,27,0.11422329795186523,1491,93,0.023247577154025097,0.00951765489694127,0.8410863941573306,8,COMPLETE
30,0.8621517221384558,2026-07-09 17:27:58.916213,2026-07-09 17:28:07.536375,0 days 00:00:08.620162,75.93313912978971,0.319834525764701,0.9721337607064067,0.008703404955601826,7,17,22,0.22578750058413263,1180,85,0.0006627375745706396,1.1597205719143948,0.7721051106884737,8,COMPLETE
31,0.8609806891015076,2026-07-09 17:28:07.552572,2026-07-09 17:28:14.353787,0 days 00:00:06.801215,46.32549727555151,0.3487830699379243,0.9970980900835856,0.013229821080527442,9,5,31,0.15148844711785184,1719,48,0.44524551873539026,1.4140496753375207e-05,0.9385225569851336,8,COMPLETE
32,0.8612035767783963,2026-07-09 17:28:14.369696,2026-07-09 17:28:17.359632,0 days 00:00:02.989936,2.6643873256090043,0.4811307890274805,0.8992158639053447,0.029826259942161714,11,10,34,0.601851680521772,1744,19,0.039965468636626596,2.3674022308656906e-05,0.9862097545670713,9,COMPLETE
33,0.860923740264068,2026-07-09 17:28:17.375654,2026-07-09 17:28:25.709707,0 days 00:00:08.334053,17.759311577463315,0.49858243397712276,0.8893952244803152,0.008932003526619514,7,13,30,0.05375714364002279,1330,56,0.00014924146548036372,1.931822305126222e-05,0.905383237503963,10,COMPLETE
34,0.8630787047389763,2026-07-09 17:28:25.725551,2026-07-09 17:28:33.483012,0 days 00:00:07.757461,8.670380548018173,0.3519453055576101,0.8733512318686761,0.006225324893258093,5,17,7,0.30236331250804294,1030,26,0.0005701987046741525,0.005808939958529859,0.9437571908684642,7,COMPLETE
35,0.8669784986601761,2026-07-09 17:28:33.499032,2026-07-09 17:28:36.086508,0 days 00:00:02.587476,11.537704434076248,0.47782014922640076,0.7884457238781353,0.049846326422322784,13,23,28,0.46145102309459984,1487,84,2.595620731370575e-06,0.0010629399118453025,0.9588830598587016,7,COMPLETE
36,0.8619176737594071,2026-07-09 17:28:36.100526,2026-07-09 17:28:38.114687,0 days 00:00:02.014161,5.565604148517279,0.4990545557495235,0.7312227293281115,0.03786917815265108,12,16,79,0.1678482752439004,1380,22,0.0016266702411292947,0.0005338555451989322,0.9737017130289524,8,COMPLETE
37,0.8638569108857815,2026-07-09 17:28:38.128709,2026-07-09 17:28:52.749891,0 days 00:00:14.621182,20.7103588034753,0.443397039909119,0.9468463784885744,0.010811745050398266,14,7,8,0.2209279570406893,1269,182,0.450205482827246,0.001375134394235065,0.8490236647173518,9,COMPLETE
38,0.8634892801487857,2026-07-09 17:28:52.761906,2026-07-09 17:28:58.508188,0 days 00:00:05.746282,4.648544832265749,0.3033273186841692,0.977129899498542,0.00758677751216525,5,13,5,0.2069018575095047,1993,33,0.0014348203029827928,8.230124407123106e-05,0.8982042545165244,8,COMPLETE
39,0.8661025529608402,2026-07-09 17:28:58.523948,2026-07-09 17:29:03.391375,0 days 00:00:04.867427,3.875657413969442,0.485796326583912,0.9194736185186245,0.0195720348801698,15,9,80,0.8970124955448591,1245,129,0.0017157426155126154,4.389342301980739e-05,0.9139653536030496,10,COMPLETE
40,0.8599328583275266,2026-07-09 17:29:03.424840,2026-07-09 17:29:11.977293,0 days 00:00:08.552453,25.53552707335155,0.4706054181193982,0.8949409310453798,0.012019968968199892,9,10,55,0.1898390934661095,1433,85,0.008021973790800436,0.04310217637202237,0.8934067320382709,4,COMPLETE
41,0.8622065567565489,2026-07-09 17:29:12.012693,2026-07-09 17:29:21.936146,0 days 00:00:09.923453,14.518190238764907,0.46813711975271055,0.8652008777320294,0.00813572436647788,8,29,51,0.1741432935040214,1691,79,0.008286248859142363,0.820914100646718,0.8948893818177251,2,COMPLETE
42,0.8682351378350435,2026-07-09 17:29:21.952305,2026-07-09 17:29:30.845356,0 days 00:00:08.893051,60.98374975349006,0.45076461455214417,0.8979440208604105,0.006040151319954477,4,10,28,0.04621086279079516,1728,20,6.597904447671155,0.015408033142363355,0.6343257883003984,9,COMPLETE
43,0.8616309292276856,2026-07-09 17:29:30.861392,2026-07-09 17:29:39.707561,0 days 00:00:08.846169,67.52197559735464,0.39573037538358213,0.7864670596311549,0.0077105338509295615,6,18,21,0.08112026072152877,1429,58,4.0695985850608324e-05,1.0765267435479479e-05,0.9647230825118281,3,COMPLETE
44,0.8585080695864518,2026-07-09 17:29:39.723579,2026-07-09 17:29:50.758013,0 days 00:00:11.034434,42.129109665256834,0.5198259423081754,0.8469003339579992,0.007269333673204054,9,6,92,0.1459587142683975,1222,53,1.2021967218748504e-05,0.034724701871477,0.8984572108157235,4,COMPLETE
45,0.8594271958454044,2026-07-09 17:29:50.772030,2026-07-09 17:30:00.519383,0 days 00:00:09.747353,41.0304199126855,0.4584424019775073,0.7937514182387114,0.009198766260555413,10,9,72,0.3445519474996803,875,59,4.316538052740672e-05,0.0019182605392527737,0.8597041510247231,3,COMPLETE
46,0.8612391390221548,2026-07-09 17:30:00.531397,2026-07-09 17:30:06.082856,0 days 00:00:05.551459,85.35827430535942,0.4950125292127731,0.6362266540681532,0.01870857924994676,10,15,78,0.22914591917203664,713,73,3.486440654888398e-05,0.011565755081257921,0.8993511886115391,3,COMPLETE
47,0.8608298280088331,2026-07-09 17:30:06.096616,2026-07-09 17:30:10.034640,0 days 00:00:03.938024,31.508588834384458,0.3205536372045558,0.852161143081005,0.022459248406997704,7,10,76,0.18298309144689762,1193,55,1.08306359822261e-06,0.008552733958155078,0.934070294478849,5,COMPLETE
48,0.8629028849517011,2026-07-09 17:30:10.048657,2026-07-09 17:30:17.264123,0 days 00:00:07.215466,14.231646632368678,0.5891924762782821,0.7882966390421341,0.0072864840124715335,7,55,89,0.3363032245739617,783,77,0.0005652101229094337,0.0005462292226006455,0.733585649276878,3,COMPLETE
49,0.862492185632236,2026-07-09 17:30:17.299118,2026-07-09 17:30:25.562824,0 days 00:00:08.263706,14.476210720405366,0.6047477503331828,0.8935312908293175,0.006136158730362026,11,26,100,0.044358578088163,1051,23,1.4783391674453521e-06,0.002286401985200187,0.8755465767716846,3,COMPLETE
50,0.8660717500971108,2026-07-09 17:30:25.576840,2026-07-09 17:30:28.433539,0 days 00:00:02.856699,53.28845034797727,0.7611054077378567,0.711944299560057,0.022348579812685544,5,17,84,0.31145233671220063,1349,52,3.8001945055245526e-06,7.9315126056456435,0.9732780822381747,2,COMPLETE
51,0.8616268943897332,2026-07-09 17:30:28.447556,2026-07-09 17:30:36.218809,0 days 00:00:07.771253,18.405206515771738,0.3487896411575973,0.904402346380931,0.014928977228218948,8,15,8,0.21481296986397005,1728,88,4.4073349183945034e-05,0.008431280075844531,0.989676034948773,7,COMPLETE
52,0.8733611353792403,2026-07-09 17:30:36.230827,2026-07-09 17:30:40.712035,0 days 00:00:04.481208,21.603146729306555,0.5644320012966818,0.8657059860863461,0.006904466191617501,11,14,58,0.41643894948028054,267,21,7.541587990299227e-05,0.00020003622060348422,0.845919654938196,1,COMPLETE
53,0.8638721991417162,2026-07-09 17:30:40.726051,2026-07-09 17:30:52.546987,0 days 00:00:11.820936,23.40361162204012,0.4066160287557263,0.9149027438881262,0.007108660819486884,12,16,81,0.5954676601462056,809,66,4.654692873988653e-05,0.690189219003698,0.7550531698936251,5,COMPLETE
54,0.8700390909684745,2026-07-09 17:30:52.559004,2026-07-09 17:30:56.413107,0 days 00:00:03.854103,25.95317468447218,0.6334068371243047,0.9757739524662437,0.013972053176184024,10,21,69,0.4335137729735761,1568,156,7.8918838692512905,0.1059845736979681,0.9001691807243615,5,COMPLETE
55,0.8644987979114145,2026-07-09 17:30:56.427125,2026-07-09 17:31:04.982793,0 days 00:00:08.555668,34.30999183161868,0.5594242331590324,0.8436840965158984,0.015077597985066192,11,12,46,0.18548593416425088,1331,110,0.00845337538338479,0.025144719600199962,0.9122675723342614,5,COMPLETE
56,0.8621893944551232,2026-07-09 17:31:04.996813,2026-07-09 17:31:16.260971,0 days 00:00:11.264158,62.88578757662559,0.4755237365631243,0.9184419748775665,0.011308873116470632,9,12,98,0.1963734823251393,1218,129,1.267033550752049e-06,7.700501751913943,0.8288374309555777,3,COMPLETE
57,0.860359611576578,2026-07-09 17:31:16.276989,2026-07-09 17:31:26.179425,0 days 00:00:09.902436,91.98040400007773,0.6313425059984407,0.8338316496031818,0.008323162051771964,7,13,59,0.363097035365724,1024,46,4.6683606183453226e-05,0.04563289340782168,0.8604081231566231,2,COMPLETE
58,0.8590815543055218,2026-07-09 17:31:26.195448,2026-07-09 17:31:42.597554,0 days 00:00:16.402106,9.923489655319388,0.3608191745762103,0.842943479342334,0.009906438584690546,11,5,26,0.13694822998029477,1548,105,0.1079040088480385,0.08579039020777784,0.7482738958424003,8,COMPLETE
59,0.8630251612760274,2026-07-09 17:31:42.609567,2026-07-09 17:31:52.444791,0 days 00:00:09.835224,3.209005616525309,0.3262040777679282,0.9551049924982772,0.00936021112133595,9,20,18,0.10065328829105154,1442,120,0.8472377891774544,0.028463721919095845,0.8229308054025428,5,COMPLETE
60,0.8637354323447866,2026-07-09 17:31:52.456376,2026-07-09 17:32:02.227170,0 days 00:00:09.770794,9.232724940191078,0.3194172548864817,0.9163532698679654,0.010020295661028605,10,23,47,0.019942404829109445,1738,125,0.004616941522055299,0.18437101027577804,0.6896259330283708,10,COMPLETE
61,0.8619126859481854,2026-07-09 17:32:02.264505,2026-07-09 17:32:12.821731,0 days 00:00:10.557226,86.9550837444335,0.5539130010515341,0.963808758196423,0.006214113105152459,8,16,30,0.4122238009350432,1742,57,0.005037575477602448,0.022853896124349272,0.9065928365544509,9,COMPLETE
62,0.865095701421961,2026-07-09 17:32:12.835748,2026-07-09 17:32:25.515142,0 days 00:00:12.679394,74.24029110681896,0.8097149031563946,0.7838465086554266,0.005280687771056823,8,29,86,0.1931534358294888,1162,106,0.00014742186968136602,0.0012706593138632725,0.9896221316323595,7,COMPLETE
63,0.8668327197549287,2026-07-09 17:32:25.533057,2026-07-09 17:32:31.224209,0 days 00:00:05.691152,7.722703417574721,0.3121112383780154,0.82874624634147,0.017777768614757335,14,18,7,0.4833399689975467,1554,82,0.04291181554375697,0.12521670079400218,0.7483058970877037,8,COMPLETE
64,0.8630608163890582,2026-07-09 17:32:31.236221,2026-07-09 17:32:39.306666,0 days 00:00:08.070445,49.49578592301781,0.38194152940990367,0.8944282835228664,0.005061199656601095,5,24,35,0.39309323536631313,1533,30,3.494779754858769e-05,6.089889348599121e-05,0.7980415562874809,9,COMPLETE
65,0.8643859540671974,2026-07-09 17:32:39.318681,2026-07-09 17:32:45.913056,0 days 00:00:06.594375,23.989368770543233,0.42258699773016695,0.6473866896728497,0.020643288652099915,9,33,41,0.01491049416255949,1763,125,0.7553243380430696,0.8594202086957319,0.6027059952544209,6,COMPLETE
66,0.8641870342183651,2026-07-09 17:32:45.927073,2026-07-09 17:33:01.848188,0 days 00:00:15.921115,5.3068218169966315,0.31126631021319057,0.6452230248951206,0.011363605196538243,9,9,34,0.35580227924614327,1771,130,0.0006715323574254957,5.0289332196255705,0.8254771161307891,7,COMPLETE
67,0.8641604866920194,2026-07-09 17:33:01.866212,2026-07-09 17:33:04.810617,0 days 00:00:02.944405,30.871640622971846,0.3482238974047749,0.9599637247124733,0.020895090868004475,5,8,16,0.42225523513317964,1371,24,0.0001292541137475009,2.2915809408613644e-06,0.985589877470237,9,COMPLETE
68,0.862016000027633,2026-07-09 17:33:04.824877,2026-07-09 17:33:13.353392,0 days 00:00:08.528515,47.361339135341645,0.55193100087541,0.9779640902684602,0.006925777453495952,6,19,74,0.009483061131388193,1332,95,0.00016619204378086772,0.05382545524487828,0.8113098041513165,6,COMPLETE
69,0.8594973447688489,2026-07-09 17:33:13.369391,2026-07-09 17:33:25.161575,0 days 00:00:11.792184,49.9552230182104,0.3692602695476453,0.9601432816843697,0.010611297547935956,8,5,22,0.09604562299945801,1664,119,0.08929638715578127,0.0005284300843534962,0.7861031637204402,6,COMPLETE
70,0.8701587071323592,2026-07-09 17:33:25.173588,2026-07-09 17:33:27.455507,0 days 00:00:02.281919,21.19817415179252,0.4759887527578379,0.930870747069211,0.02571517854882712,7,46,25,0.3111448108483198,1669,160,7.936066501970023,4.294733123752121e-05,0.6426337653177994,4,COMPLETE
71,0.8603604735558846,2026-07-09 17:33:27.467522,2026-07-09 17:33:33.654711,0 days 00:00:06.187189,36.248387222462235,0.43351479848856855,0.9260572013938686,0.011113693028089528,6,21,22,0.24910650868522488,1927,137,0.08879625708287657,0.0012698724784047323,0.7382639389011355,5,COMPLETE
72,0.8640775088486669,2026-07-09 17:33:33.668727,2026-07-09 17:33:47.215651,0 days 00:00:13.546924,3.9885936107696107,0.3973697931730788,0.7787595028260456,0.008532202907839506,13,14,12,0.03199217713218175,1433,124,0.914223103023995,3.1248385976738167,0.5697899905085941,7,COMPLETE
73,0.8635974452490174,2026-07-09 17:33:47.227664,2026-07-09 17:33:52.081148,0 days 00:00:04.853484,44.73076118387929,0.40784525061183285,0.9978184418579131,0.018076657648081,8,20,34,0.25174902979254,886,57,0.18773017547122287,0.0007321790869923723,0.7513922900093011,5,COMPLETE
74,0.8637393920998828,2026-07-09 17:33:52.093167,2026-07-09 17:34:00.935144,0 days 00:00:08.841977,30.230996483893897,0.3918505542815104,0.8036045303530311,0.006796808472816549,8,36,56,0.5562626205663229,914,142,0.00018281301764282417,0.002997466296241221,0.8617067273475667,2,COMPLETE
75,0.8611334120564544,2026-07-09 17:34:00.949627,2026-07-09 17:34:11.330690,0 days 00:00:10.381063,13.633462756762409,0.3461409738690577,0.8069370384441504,0.009322889340279495,9,13,26,0.23446404286868178,1199,147,0.0007078065507876584,0.014428223425442359,0.6208522382434073,6,COMPLETE
76,0.8655858113410165,2026-07-09 17:34:11.342703,2026-07-09 17:34:17.817089,0 days 00:00:06.474386,42.53532353660403,0.4845974691782988,0.9691704143625671,0.018568160334297715,8,23,8,0.01624889781060737,1398,63,2.079141473988733,0.05378360379994198,0.8938648515066575,7,COMPLETE
77,0.8618774061075637,2026-07-09 17:34:17.831107,2026-07-09 17:34:23.192504,0 days 00:00:05.361397,76.09258595604561,0.54708233353438,0.9393733358975408,0.023994158718653333,9,12,90,0.23528570355256345,1292,60,0.04719286954644481,0.07198459345639886,0.8950360029460597,4,COMPLETE
78,0.861272826546737,2026-07-09 17:34:23.208524,2026-07-09 17:34:28.323181,0 days 00:00:05.114657,60.23841204779868,0.36525970857313106,0.9970904530857886,0.021484772631712105,7,6,27,0.28861978250032827,1513,96,0.0027641337985511672,0.0015974891306739067,0.8047259488349952,10,COMPLETE
79,0.8627331989146685,2026-07-09 17:34:28.339200,2026-07-09 17:34:45.859665,0 days 00:00:17.520465,37.949944965734694,0.31911035204924837,0.8848228264066847,0.005502578909321585,12,21,35,0.02141273746626461,1248,90,0.022477908975391783,0.019163992392523206,0.8882383319903104,10,COMPLETE
80,0.8603793854189936,2026-07-09 17:34:45.873854,2026-07-09 17:34:56.124733,0 days 00:00:10.250879,93.08161883813347,0.43868619560047906,0.8742489416863731,0.006518653317189369,7,11,96,0.48078192150909105,1674,49,0.00030144675734279376,0.12862708485568106,0.9239521722565822,5,COMPLETE
81,0.858196149866556,2026-07-09 17:34:56.138749,2026-07-09 17:35:12.263331,0 days 00:00:16.124582,23.754141244538808,0.3685947101026608,0.9969053047291143,0.006492008811422269,8,8,34,0.023250039536698866,1370,116,0.14624938770491147,0.008392704937968098,0.7607958286989027,6,COMPLETE
82,0.8586690055601824,2026-07-09 17:35:12.275344,2026-07-09 17:35:28.601724,0 days 00:00:16.326380,82.71475095929578,0.3624533772136867,0.8538823807289597,0.005638946741894022,10,7,92,0.09273508395471644,730,72,1.8161719016486966e-05,0.0003881837899950761,0.9147302613198731,7,COMPLETE
83,0.8633845483499707,2026-07-09 17:35:28.615741,2026-07-09 17:35:37.886052,0 days 00:00:09.270311,66.28327198954783,0.3128646611811157,0.689666814729162,0.011435391969228027,13,17,67,0.3767517373517736,937,85,3.0871572287176623e-06,6.364735110884844e-05,0.8805321403438169,6,COMPLETE
84,0.8597966160860638,2026-07-09 17:35:37.900067,2026-07-09 17:35:59.857402,0 days 00:00:21.957335,17.019652543032105,0.32938994719289816,0.8522631188997937,0.00545487852838202,11,7,86,0.016165334457174774,1034,90,2.619069297508993e-06,6.381164246962979e-05,0.8331005977975321,9,COMPLETE
85,0.8592393098341343,2026-07-09 17:35:59.871417,2026-07-09 17:36:12.084699,0 days 00:00:12.213282,66.88851430398884,0.4091896289018409,0.911707505107129,0.007365276702568326,9,11,98,0.007963626526709858,668,62,3.443632477132117e-05,0.018223923679206135,0.9023706146845478,8,COMPLETE
86,0.8612301911493153,2026-07-09 17:36:12.096712,2026-07-09 17:36:22.625365,0 days 00:00:10.528653,48.1751854165574,0.519377174413514,0.9566918517049449,0.008350806904543371,13,8,90,0.051705982221499,323,84,3.5158575997576093e-06,0.0017494243609390944,0.9042937575164586,9,COMPLETE
87,0.8623031929573626,2026-07-09 17:36:22.641384,2026-07-09 17:36:28.025432,0 days 00:00:05.384048,81.25395371207675,0.42216123019814705,0.9619986566455014,0.01476112043065398,7,18,67,0.14282022347356543,436,67,3.8432338757456955e-05,0.07380887803677946,0.9129411135482696,7,COMPLETE
88,0.8651967405385067,2026-07-09 17:36:28.041458,2026-07-09 17:36:43.961664,0 days 00:00:15.920206,18.92839344288369,0.37880656570884086,0.8649735953624451,0.005065307333498822,10,21,73,0.02320552587469698,1229,54,2.5720077726610615,0.0015031517827862812,0.641113894245879,6,COMPLETE
89,0.8602230269273077,2026-07-09 17:36:43.975684,2026-07-09 17:37:04.759711,0 days 00:00:20.784027,46.12166957178063,0.3226996896411666,0.8243293204644059,0.00733532066571197,9,8,7,0.031854736541023734,1443,183,0.00011014490332416573,8.770611629416607e-06,0.801194882923262,7,COMPLETE
90,0.862082886870175,2026-07-09 17:37:04.773729,2026-07-09 17:37:13.408033,0 days 00:00:08.634304,63.42257056709697,0.36781937311635193,0.913520538108299,0.01019703944565578,8,19,6,0.044135287800414036,1405,102,0.48480200828435815,3.597314331561513e-05,0.6837706153394018,8,COMPLETE
91,0.8661742142474333,2026-07-09 17:37:13.424050,2026-07-09 17:37:27.475706,0 days 00:00:14.051656,43.33867081753084,0.4593758027376545,0.8715443639832722,0.005172664385238094,8,14,29,0.14917896758986682,1357,111,3.6323383158021483,0.23200679446766365,0.6913824382138425,5,COMPLETE
92,0.864239013759587,2026-07-09 17:37:27.491724,2026-07-09 17:37:34.599342,0 days 00:00:07.107618,39.21949790778487,0.32851139523986933,0.8635202626565477,0.007172316115226346,11,28,94,0.17678175187534778,516,33,0.0007170011742873881,0.004550418264662224,0.8363954064154142,7,COMPLETE
93,0.8677255008656426,2026-07-09 17:37:34.634631,2026-07-09 17:37:47.413226,0 days 00:00:12.778595,10.92505718686826,0.40841587920590916,0.9996752258071075,0.005113141956895787,8,22,68,0.1818142158338768,1276,186,5.218742159342406,0.01876610213757858,0.7759356076439774,5,COMPLETE
94,0.86050337395575,2026-07-09 17:37:47.429246,2026-07-09 17:37:59.495990,0 days 00:00:12.066744,6.677564973459534,0.3786745394226928,0.8087864234737268,0.010882386307542253,11,5,57,0.23946327606139864,1498,93,0.36979696177341786,0.011672892216894139,0.8103794907066733,9,COMPLETE
95,0.8590680180280998,2026-07-09 17:37:59.512010,2026-07-09 17:38:22.151574,0 days 00:00:22.639564,61.57719147496641,0.3207237492366351,0.7901613965014522,0.005322177101722397,10,6,72,0.2493747653212249,894,104,0.00010222610530952065,0.001216436572556233,0.9058649458447435,6,COMPLETE
96,0.8585881269590704,2026-07-09 17:38:22.169790,2026-07-09 17:38:33.576865,0 days 00:00:11.407075,20.457538468804525,0.5513548592924638,0.9987127123161664,0.009820908634587702,12,5,7,0.0663043643949636,1786,64,0.0015345324872093988,0.002390211983984408,0.7419603097805214,5,COMPLETE
97,0.8606281544639959,2026-07-09 17:38:33.590881,2026-07-09 17:38:46.459522,0 days 00:00:12.868641,61.68152051931387,0.3441947106504478,0.8950358589224696,0.008138180308625795,9,12,89,0.007534252285805427,667,101,2.2294964216931823e-05,0.3141862004907283,0.8774300464407427,9,COMPLETE
98,0.8598877901413431,2026-07-09 17:38:46.471536,2026-07-09 17:38:59.296006,0 days 00:00:12.824470,96.52108156910238,0.419296765896063,0.9150884240172921,0.006338468354553357,9,17,90,0.12653602079406334,876,54,2.3221594222150146e-06,0.023323909967622566,0.8524137753635773,4,COMPLETE
99,0.8606192131808961,2026-07-09 17:38:59.312024,2026-07-09 17:39:03.361840,0 days 00:00:04.049816,14.665983401396057,0.7264015436970881,0.8937690206892831,0.014931037898018232,15,13,17,0.032261757344149315,1683,17,0.0006834473168476912,0.0033270577952313296,0.7988838121658168,6,COMPLETE
100,0.860727268375836,2026-07-09 17:39:03.373853,2026-07-09 17:39:15.436989,0 days 00:00:12.063136,76.46765091939287,0.36529053044827575,0.9741323268921946,0.008473471391945457,15,14,14,0.1556027812183199,1660,80,0.0009773978069094816,0.0018565756012146916,0.7224291859890526,6,COMPLETE
101,0.86104971529519,2026-07-09 17:39:15.451005,2026-07-09 17:39:24.694765,0 days 00:00:09.243760,78.1616976759785,0.38185420650351926,0.9619302431451572,0.0066476263524634024,8,9,95,0.18638360383047858,512,48,9.471682265101304e-06,3.1529743020221124e-05,0.9819500057827164,8,COMPLETE
102,0.863704463638021,2026-07-09 17:39:24.730596,2026-07-09 17:39:29.781229,0 days 00:00:05.050633,7.488979492985081,0.3439424982452836,0.6502894507050203,0.011783370617669372,6,35,9,0.1819031842595556,1528,108,0.005956957017287415,0.0013364093023915244,0.9372662714303519,6,COMPLETE
103,0.8624306893163777,2026-07-09 17:39:29.797453,2026-07-09 17:39:45.252532,0 days 00:00:15.455079,62.87162803041393,0.4825108717574924,0.7485702601015439,0.005707900357372908,9,18,98,0.16658264403227285,530,221,1.4596223831635354e-05,0.0001755707646257139,0.968995863308671,5,COMPLETE
104,0.8634393565383498,2026-07-09 17:39:45.266288,2026-07-09 17:39:55.010495,0 days 00:00:09.744207,5.104648791981718,0.6161109072618876,0.9644131773205792,0.0088246316024986,8,12,9,0.3450591563659394,1824,71,0.0003484424657188735,0.00022173419659585265,0.6689869339090116,6,COMPLETE
105,0.8626783627468075,2026-07-09 17:39:55.030551,2026-07-09 17:40:11.180339,0 days 00:00:16.149788,15.620534010477606,0.47279578138537265,0.982383830403392,0.005899998235977334,11,24,22,0.08804729077926846,1829,76,0.0047615416950288906,0.0005366937445164888,0.8482745674493598,2,COMPLETE
106,0.8613817154179138,2026-07-09 17:40:11.196614,2026-07-09 17:40:25.357350,0 days 00:00:14.160736,27.079555525609376,0.38817807877122007,0.7318982609957498,0.005007069238344062,10,8,86,0.28693294840349914,662,62,7.871343858772478e-06,0.0008398337152009845,0.8053440062971309,5,COMPLETE
107,0.8597492642481269,2026-07-09 17:40:25.371365,2026-07-09 17:40:36.716709,0 days 00:00:11.345344,55.54291176763643,0.3828788965964648,0.7957619690510459,0.009495775356561965,9,14,70,0.15234191469022773,1255,149,0.0009305638003535126,0.0001060704817997901,0.8117252434274461,7,COMPLETE
108,0.8598345767719758,2026-07-09 17:40:36.730961,2026-07-09 17:40:43.277967,0 days 00:00:06.547006,6.118895893482478,0.4133838070885739,0.9341662094790151,0.020688238881708065,12,6,19,0.07667460570694604,1471,77,0.09303431567245103,3.565989941432351e-05,0.7112355204119395,5,COMPLETE
109,0.8588021477693429,2026-07-09 17:40:43.293987,2026-07-09 17:40:52.474473,0 days 00:00:09.180486,7.797126950948925,0.35360076843973126,0.8282273963044419,0.01018229455706307,9,7,12,0.1234412546782002,1535,53,0.00012036079558089353,0.0017183311788139747,0.7639276009279675,5,COMPLETE
110,0.8626514330826375,2026-07-09 17:40:52.486486,2026-07-09 17:41:04.694198,0 days 00:00:12.207712,4.668606246638099,0.3761153661766367,0.867415527131289,0.005862397616871014,8,33,48,0.13762673325104482,1536,73,1.4017767624907813e-06,0.0008484307087903364,0.7601147260409323,6,COMPLETE
111,0.8619810551668197,2026-07-09 17:41:04.710559,2026-07-09 17:41:08.977016,0 days 00:00:04.266457,4.454792959765139,0.4445312692584784,0.8820893862608246,0.019442797542312294,9,14,29,0.20211670788847727,1227,47,8.34958132070028e-05,0.007817183162645487,0.6691261570990924,4,COMPLETE
112,0.8609042792425905,2026-07-09 17:41:08.993033,2026-07-09 17:41:24.050178,0 days 00:00:15.057145,5.379380579489144,0.3196993845047428,0.7979419995541183,0.007838729648302782,9,7,16,0.0854137701426382,1430,115,0.015084013996262056,0.031860409992484164,0.7162579803883041,8,COMPLETE
113,0.8594562965201351,2026-07-09 17:41:24.066196,2026-07-09 17:41:33.050245,0 days 00:00:08.984049,6.481217259141238,0.4027295887664214,0.8014398013792123,0.008675964529748455,8,12,6,0.29604500036276743,1635,37,0.0027595976382188614,7.465471310563436e-05,0.9007905622197527,2,COMPLETE
114,0.8621819304223391,2026-07-09 17:41:33.090076,2026-07-09 17:41:42.546429,0 days 00:00:09.456353,2.7582548908401425,0.4704908963452613,0.7351564171274617,0.00906884947537603,7,30,10,0.23670582706936455,1631,79,0.01626627567762597,4.9629907141770726e-05,0.8591453238310679,2,COMPLETE
115,0.8622510523934688,2026-07-09 17:41:42.560588,2026-07-09 17:41:56.116413,0 days 00:00:13.555825,38.603227380181686,0.540842763386395,0.6508748172189381,0.00531080373361658,9,27,71,0.11993914238038392,1451,44,2.1440795429804764e-05,0.0039610295722770075,0.8036281807889221,1,COMPLETE
116,0.8618450035629437,2026-07-09 17:41:56.128428,2026-07-09 17:42:08.965479,0 days 00:00:12.837051,28.863205448350417,0.53328985663926,0.9013297793280142,0.005574571557161836,8,16,11,0.4450804644692623,929,66,0.010258820528450965,6.128774418948967e-06,0.918641610230477,2,COMPLETE
117,0.8593878386112188,2026-07-09 17:42:08.981496,2026-07-09 17:42:17.847767,0 days 00:00:08.866271,9.998638184453595,0.3569284692593316,0.9368761975187705,0.009258573389288935,11,7,13,0.1590406436852374,1464,47,5.279321605778368e-05,0.0005318495797683363,0.7932078859247323,3,COMPLETE
118,0.8649215516631281,2026-07-09 17:42:17.863784,2026-07-09 17:42:23.769209,0 days 00:00:05.905425,6.288213288811864,0.33031331463460684,0.9114497221537912,0.010914368683068588,12,40,32,0.4024340205280212,1103,39,0.0001372635254752159,1.021464423945145e-05,0.837070998032496,3,COMPLETE
119,0.8583140427904776,2026-07-09 17:42:23.785227,2026-07-09 17:42:35.328880,0 days 00:00:11.543653,2.7215951088383386,0.3794985986382027,0.9542662588041789,0.008946351710101259,13,5,5,0.2551931719112373,912,71,1.4848172910923676e-06,0.0021234011671907595,0.8745452801688581,5,COMPLETE
120,0.8635627842004923,2026-07-09 17:42:35.343310,2026-07-09 17:42:39.677935,0 days 00:00:04.334625,3.6077490281592075,0.3488867632069191,0.9344105417840142,0.016680585299660933,15,22,12,0.46372658686009577,1304,44,1.576890739519637e-06,0.00022903238806856223,0.8639956171065017,6,COMPLETE
121,0.8619020707213373,2026-07-09 17:42:39.692339,2026-07-09 17:42:49.945869,0 days 00:00:10.253530,4.558998056157288,0.3356917123815278,0.9050382175191402,0.005057774582174905,10,13,47,0.12954856463100992,793,30,3.063156508950671e-05,0.005874056426692006,0.9017215070378277,4,COMPLETE
122,0.8605091060043198,2026-07-09 17:42:49.963888,2026-07-09 17:42:57.305833,0 days 00:00:07.341945,14.499942201411265,0.3188821332783734,0.890230139874481,0.016302197430378963,11,14,18,0.05653034176613968,1181,54,9.627700315325362e-05,3.610098507202481e-05,0.8537591998671725,3,COMPLETE
123,0.8554608603634634,2026-07-09 17:42:57.322301,2026-07-09 17:43:07.486762,0 days 00:00:10.164461,3.229031153012105,0.7062921774118223,0.8974538950277869,0.00875946759397299,14,5,36,0.24464447113117183,730,43,1.8956561477694796e-05,0.025686154206295532,0.9050948684015635,8,COMPLETE
124,0.8588593770135455,2026-07-09 17:43:07.510795,2026-07-09 17:43:14.719932,0 days 00:00:07.209137,1.3676718173460987,0.6297320236945414,0.8591635877268878,0.01096337150407231,14,6,43,0.527833172040493,1059,27,3.5606144360558315e-05,0.15863245181774516,0.9436716978522589,8,COMPLETE
125,0.858623608249545,2026-07-09 17:43:14.739958,2026-07-09 17:43:28.600304,0 days 00:00:13.860346,1.5723263935161302,0.7306559872235566,0.8953989222857444,0.007196388872463049,15,9,60,0.2447108626826667,912,41,1.2776081953142529e-05,0.0011606513333931158,0.8138032382836008,9,COMPLETE
126,0.8570784153719924,2026-07-09 17:43:28.612317,2026-07-09 17:43:35.336406,0 days 00:00:06.724089,1.5642812107958923,0.8506754978548987,0.9398290149803676,0.011143069124842562,12,8,67,0.2882224004300752,837,23,3.5376465982890014e-06,0.0035283776233209336,0.9599948341778922,9,COMPLETE
127,0.8620195630271372,2026-07-09 17:43:35.350422,2026-07-09 17:43:42.393020,0 days 00:00:07.042598,1.5507491929437258,0.7162125054833358,0.8759406649630768,0.011591144389558904,13,14,48,0.6034076720540742,1472,57,1.4424733149854575e-05,0.026893573295337266,0.8699704445000903,10,COMPLETE
128,0.8659910727083918,2026-07-09 17:43:42.409038,2026-07-09 17:43:47.860212,0 days 00:00:05.451174,4.826564704404646,0.9674233033263784,0.9547673088998884,0.012733352705001352,12,38,49,0.20354384585812885,473,39,5.460212968386237e-06,0.004375435971550851,0.9092165600261504,9,COMPLETE
129,0.8615322504392399,2026-07-09 17:43:47.874227,2026-07-09 17:43:54.053809,0 days 00:00:06.179582,3.928774341638014,0.6906294883599591,0.8466353418337275,0.016461456396625204,14,15,63,0.15244726683311569,970,49,4.4280798486439156e-05,0.8525066487584901,0.9289136480043707,5,COMPLETE
130,0.8621562687540498,2026-07-09 17:43:54.069826,2026-07-09 17:44:11.677751,0 days 00:00:17.607925,8.586134801392184,0.6095790111744628,0.8701621434982408,0.007528694326702199,13,6,43,0.3806662918956678,632,140,3.6913342708249946e-06,0.001055181171991099,0.9448742075658445,8,COMPLETE
131,0.8605398879931849,2026-07-09 17:44:11.695772,2026-07-09 17:44:24.654832,0 days 00:00:12.959060,1.6508921765913596,0.49268826210647093,0.9146943025402872,0.010024392370313098,13,9,7,0.10527983154105286,752,108,1.6333775208143177e-06,0.00167624212951502,0.9137950247350489,4,COMPLETE
132,0.8645622392970287,2026-07-09 17:44:24.666844,2026-07-09 17:44:33.325807,0 days 00:00:08.658963,1.7673276045737576,0.7220171509538862,0.8203286852447237,0.006038391104151945,15,49,60,0.32032924517721717,770,21,5.291212676097261e-06,3.0506206165889332e-05,0.8684608595628927,9,COMPLETE
133,0.8592075445787616,2026-07-09 17:44:33.339825,2026-07-09 17:44:46.886777,0 days 00:00:13.546952,2.059865134171488,0.6042193168090781,0.9581676887962662,0.007251787902023999,10,8,64,0.0735764228681948,1422,49,2.3346703573690376e-05,0.000713294778103421,0.9459086520054617,10,COMPLETE
134,0.8611363015030669,2026-07-09 17:44:46.900799,2026-07-09 17:44:59.552992,0 days 00:00:12.652193,1.204385614676459,0.7887050640600992,0.9916347313482266,0.008051597220874417,15,6,65,0.34323979264527976,887,81,3.1950134137149934e-06,0.02258035101060528,0.7510848261173004,7,COMPLETE
135,0.8637336815552447,2026-07-09 17:44:59.587535,2026-07-09 17:45:02.421947,0 days 00:00:02.834412,5.907630999978978,0.5383028986520938,0.9611094851273221,0.023301584914633872,12,14,64,0.5887581702796091,1142,21,0.00012840728363628187,2.4527619248221635,0.95654806641438,8,COMPLETE
136,0.8637961956887052,2026-07-09 17:45:02.437965,2026-07-09 17:45:12.944155,0 days 00:00:10.506190,2.3177713605783716,0.5556586940689813,0.7133108411858531,0.005481003053173534,14,6,39,0.5192590995464039,581,41,3.1997519051829104e-05,3.3059472854296788,0.8967292848280135,5,COMPLETE
137,0.8665800711868104,2026-07-09 17:45:12.956169,2026-07-09 17:45:15.842180,0 days 00:00:02.886011,2.0589163850750163,0.9131173506775027,0.9318932902821072,0.031254300091697725,14,33,78,0.1460100468502987,1042,33,2.942318458201058e-05,8.894296656825167e-05,0.9909276170513938,9,COMPLETE
138,0.8588044985430525,2026-07-09 17:45:15.856105,2026-07-09 17:45:26.620700,0 days 00:00:10.764595,10.40510999457747,0.7416041340948683,0.8371827076610757,0.005268880579658339,15,7,40,0.08685762856830245,839,30,6.679781819846496e-05,0.007806396657878142,0.8434751488605666,10,COMPLETE
139,0.8633809228034928,2026-07-09 17:45:26.634716,2026-07-09 17:45:38.081439,0 days 00:00:11.446723,6.369753226560755,0.7259684180490824,0.7877350833276947,0.006281178978088761,12,26,40,0.02643599397372024,717,29,0.0022921482297501307,3.0524681125923907,0.8664898692913461,10,COMPLETE
140,0.8610008577157908,2026-07-09 17:45:38.095455,2026-07-09 17:45:48.788524,0 days 00:00:10.693069,2.3757501254179503,0.8626610867760005,0.9758794532431088,0.008119541138557555,14,12,11,0.33169959844467106,601,39,0.0003918563513591594,7.678101428575115e-05,0.7603933933642724,7,COMPLETE
141,0.8628383112561366,2026-07-09 17:45:48.806548,2026-07-09 17:45:57.366842,0 days 00:00:08.560294,2.4353241774564443,0.6987806379191723,0.9788081595214925,0.014547582087622619,11,19,15,0.1468966774636824,685,45,2.0978484599761e-06,0.6681042929308615,0.9347245225550367,7,COMPLETE
142,0.8584427304141272,2026-07-09 17:45:57.382864,2026-07-09 17:46:07.891808,0 days 00:00:10.508944,98.25818833108966,0.33654237012924043,0.9153237503250821,0.013094075663062785,14,6,93,0.09064815874020615,1033,70,0.0003649517451089266,0.00013233671506176153,0.9894998416930484,5,COMPLETE
143,0.8636756291046114,2026-07-09 17:46:07.903822,2026-07-09 17:46:14.793072,0 days 00:00:06.889250,13.025232160877621,0.590507018787925,0.8911653503315082,0.006785166178643069,14,21,37,0.2622133416640978,1267,20,0.0009024432972107461,0.0002404069235763368,0.6645421323893834,10,COMPLETE
144,0.8628560759218477,2026-07-09 17:46:14.807088,2026-07-09 17:46:21.696459,0 days 00:00:06.889371,1.602815479840159,0.5741415949721043,0.7963986333723463,0.0081022589038472,8,17,32,0.8526399275751126,615,34,9.499010703791312e-05,0.0037339437207476477,0.8962779173978017,10,COMPLETE
145,0.8626608301266966,2026-07-09 17:46:21.710474,2026-07-09 17:46:34.778805,0 days 00:00:13.068331,10.325431919869065,0.739835347000987,0.7065032022120787,0.006351150717434229,15,21,42,0.11748154391773948,704,62,2.880983885749705e-06,0.003684124954205656,0.805223654901469,10,COMPLETE
146,0.864684089093793,2026-07-09 17:46:34.794824,2026-07-09 17:46:39.526406,0 days 00:00:04.731582,48.99727872953718,0.6937280051336713,0.9816410698697962,0.016917850711042005,12,17,7,0.12348195305003007,1506,40,0.014772268417378838,0.0521617816726216,0.707778951337823,3,COMPLETE
147,0.8605475704145803,2026-07-09 17:46:39.538420,2026-07-09 17:46:46.220125,0 days 00:00:06.681705,20.363507156482218,0.4202211229009812,0.8797027892207182,0.021374660875149373,14,11,98,0.06164559631399967,816,86,0.04580353843511718,7.988945016558922e-06,0.9598062262907842,9,COMPLETE
148,0.8640345484866192,2026-07-09 17:46:46.234141,2026-07-09 17:46:50.266136,0 days 00:00:04.031995,74.28310014803235,0.46486672581958477,0.8988706740658211,0.020331698634636717,15,35,86,0.009048291212342588,749,37,5.909665743422767e-05,0.0002989968006969141,0.8826981850691535,4,COMPLETE
149,0.8594630513662503,2026-07-09 17:46:50.280153,2026-07-09 17:47:07.964440,0 days 00:00:17.684287,90.81143133386988,0.43552629947785537,0.8372804599425197,0.005431719446453956,11,12,54,0.16361952781505146,1090,67,0.0028802435747967,0.00018373056834814974,0.9715442164267628,5,COMPLETE
150,0.8624471164523884,2026-07-09 17:50:05.800161,2026-07-09 17:50:21.578023,0 days 00:00:15.777862,6.502450770890826,0.6265240556723228,0.9069655322368062,0.006771483503026163,14,17,55,0.07010189212717488,705,92,0.0007465814427952507,0.00013633621669328187,0.8598506984529055,9,COMPLETE
151,0.861888730483502,2026-07-09 17:50:21.596043,2026-07-09 17:50:27.992816,0 days 00:00:06.396773,51.97751415519695,0.38546971853042045,0.7876521958919621,0.01562463726714792,12,14,99,0.19761186761443145,898,62,0.011990070835067267,8.592230598298647e-06,0.9841117237815213,3,COMPLETE
152,0.8586931223072469,2026-07-09 17:50:28.005019,2026-07-09 17:50:37.931228,0 days 00:00:09.926209,11.802626478757407,0.5789364147879568,0.9983517820361054,0.010980727120250519,12,5,28,0.04047837547379328,1639,70,0.03579533012583905,0.04807298573240315,0.8400992606779157,9,COMPLETE
153,0.8591315564719503,2026-07-09 17:50:37.947249,2026-07-09 17:50:44.060243,0 days 00:00:06.112994,78.14064686887305,0.3952480052982425,0.9440110411842679,0.014653708130050883,12,11,86,0.03470901116093642,1201,47,0.00015838669730730708,1.460155318375758e-05,0.9797760195063699,8,COMPLETE
154,0.8573718604864327,2026-07-09 17:50:44.072694,2026-07-09 17:50:49.405383,0 days 00:00:05.332689,5.919475711083129,0.6990432538549483,0.8332786545528349,0.012248807284931499,15,6,14,0.3736238101963339,1019,28,0.00011102803862141707,0.13105307510959713,0.8554183981492982,8,COMPLETE
155,0.8632526017878147,2026-07-09 17:50:49.421403,2026-07-09 17:50:59.670952,0 days 00:00:10.249549,1.9134527654975482,0.5243385434032883,0.7794803506943058,0.008506976779450517,14,30,70,0.032383953226008705,1000,68,1.9323546439172863e-05,0.02227447084060198,0.7285247758140349,7,COMPLETE
156,0.8602033486398775,2026-07-09 17:50:59.684974,2026-07-09 17:51:05.339065,0 days 00:00:05.654091,27.86857619624035,0.5925619967027033,0.9444436501044313,0.012167011975185505,12,13,10,0.011386722160723568,1721,21,0.010889513085542334,0.9148642795935354,0.9815275747392412,10,COMPLETE
157,0.8635154848278216,2026-07-09 17:51:05.351545,2026-07-09 17:51:12.357984,0 days 00:00:07.006439,19.840814017146123,0.7648341196043452,0.8788782426380356,0.005018527658020379,15,11,52,0.07709873378308017,654,19,0.000725043848341754,0.0021523049008102977,0.8531539015642203,10,COMPLETE
158,0.8623494524184203,2026-07-09 17:51:12.374004,2026-07-09 17:51:19.268220,0 days 00:00:06.894216,2.72685047067535,0.6375757100744903,0.9955997318609988,0.012173014452838811,11,11,91,0.334638698852051,249,76,2.5553298131398496e-05,0.013279362609239998,0.9781098354900285,8,COMPLETE
159,0.861398575595171,2026-07-09 17:51:19.280236,2026-07-09 17:51:33.162705,0 days 00:00:13.882469,15.199671989548232,0.5207642150721896,0.8840197857582326,0.006346136804178548,15,12,24,0.45355424767049557,1282,69,5.656421015928194e-06,0.09673904420537134,0.8582911774097842,8,COMPLETE
160,0.8617553120485949,2026-07-09 17:51:33.178724,2026-07-09 17:51:36.979836,0 days 00:00:03.801112,1.4174249044191345,0.9869594311628245,0.7521737698329173,0.015372315838364558,15,9,24,0.6365335666389603,1345,18,2.0115178809322962e-05,0.06636484042579195,0.9957707886027013,6,COMPLETE
161,0.8617661802141929,2026-07-09 17:51:36.991851,2026-07-09 17:51:40.726637,0 days 00:00:03.734786,1.7864363503593574,0.7563009303694856,0.9009712821429811,0.022171670582559352,15,14,49,0.2522942516330729,1004,29,5.597585782250009e-05,0.09191226686148352,0.9394257071316219,10,COMPLETE
162,0.8601995062115095,2026-07-09 17:51:40.740656,2026-07-09 17:51:53.051960,0 days 00:00:12.311304,4.471671966023915,0.5912367053909607,0.6879488299037431,0.005455751316753349,15,13,22,0.4307766378076544,1110,34,0.017634295931588786,0.04703641554029222,0.9344087042802961,8,COMPLETE
163,0.8598460644801742,2026-07-09 17:51:53.067982,2026-07-09 17:52:09.095514,0 days 00:00:16.027532,26.603198820626915,0.3116230988784121,0.882459464004246,0.006108671696002521,8,8,66,0.3238792450693022,1310,153,0.0006761019593848944,0.04020798615101626,0.9706916556652273,8,COMPLETE
164,,2026-07-09 17:52:09.109532,,,1.0168468059449192,0.4894488138249312,0.8501740869454204,0.006726202477081366,15,11,54,0.5982139816542024,1348,65,0.0012996534779112106,0.0326887698478471,0.9956026752670515,8,RUNNING
